{
    "nextorrent": {
        "anime_extra": "",
        "anime_keywords": "{title} {episode}",
        "anime_query": "",
        "base_url": "http://www.nextorrent.org/recherche/QUERYEXTRA",
        "color": "FFDADADA",
        "general_extra": "",
        "general_keywords": "{title:fr}",
        "general_query": "",
        "language": "fr",
        "login_failed": "",
        "login_object": "",
        "login_path": null,
        "movie_extra": "",
        "movie_keywords": "{title:fr} {year}",
        "movie_query": "",
        "name": "Nextorrent",
        "parser": {
            "infohash": "",
            "name": "item('a', order=1)",
            "peers": "item(tag='td', order=4)",
            "row": "find_once(tag='body').find_all('tr')",
            "seeds": "item(tag='td', order=3)",
            "size": "item(tag='td', order=2)",
            "torrent": "item(tag='a', attribute='href', order=1)"
        },
        "private": false,
        "season_extra": "",
        "season_extra2": "",
        "season_keywords": "{title:fr} saison {season}",
        "season_keywords2": "",
        "season_query": "",
        "separator": "%20",
        "show_query": "",
        "subpage": true,
        "tv_extra": "",
        "tv_extra2": "",
        "tv_keywords": "{title} s{season:2}e{episode:2}",
        "tv_keywords2": ""
    },
    "torrent9": {
        "anime_extra": "",
        "anime_keywords": "{title} {episode}",
        "anime_query": "",
        "base_url": "http://www.torrent9.cc/search_torrent/QUERYEXTRA.html,trie-seeds-d",
        "color": "FF277A9C",
        "general_extra": "",
        "general_keywords": "{title:fr}",
        "general_query": "",
        "language": "fr",
        "login_failed": "",
        "login_object": "",
        "login_path": null,
        "movie_extra": "",
        "movie_keywords": "{title:fr} {year}",
        "movie_query": "",
        "name": "Torrent9",
        "parser": {
            "infohash": "",
            "name": "item('a')",
            "peers": "item(tag='td', order=4)",
            "row": "find_all('tr', start=2)",
            "seeds": "item(tag='td', order=3)",
            "size": "item(tag='td', order=2)",
            "torrent": "definitions['torrent9']['root_url']+item(tag='a', attribute='href', order=1).replace('/torrent/', '/get_torrent/')+'.torrent'"
        },
        "private": false,
        "season_extra": "",
        "season_extra2": "",
        "season_keywords": "{title:fr} saison {season}",
        "season_keywords2": "",
        "season_query": "",
        "separator": "-",
        "show_query": "",
        "subpage": false,
        "tv_extra": "",
        "tv_extra2": "",
        "tv_keywords": "{title} s{season:2}e{episode:2}",
        "tv_keywords2": ""
    },
    "t411": {
        "anime_extra": "&category=3",
        "anime_keywords": "{title} {episode}",
        "anime_query": "455&order=seeders&type=desc",
        "base_url": "http://www.t411.si/torrents/search/?search=QUERYEXTRA",
        "color": "FF0071AF",
        "general_extra": "",
        "general_keywords": "{title:fr}",
        "general_query": "&sortby=seeds&sort=desc",
        "language": "fr",
        "login_failed": "",
        "login_object": "",
        "login_path": null,
        "movie_extra": "&category=1",
        "movie_keywords": "{title:fr} {year}",
        "movie_query": "",
        "name": "T411",
        "parser": {
            "infohash": "",
            "name": "item(tag='a', order=2)",
            "peers": "item(tag='td', order=7)",
            "row": "find_all('tr')",
            "seeds": "item(tag='td', order=6)",
            "size": "item(tag='td', order=5)",
            "torrent": "item(tag='a', attribute='href', order=2)"
        },
        "private": false,
        "season_extra": "",
        "season_extra2": "",
        "season_keywords": "{title:fr} saison {season}",
        "season_keywords2": "{title:fr} S{season:2}",
        "season_query": "",
        "separator": "+",
        "show_query": "",
        "subpage": true,
        "tv_extra": "&category=2",
        "tv_extra2": "",
        "tv_keywords": "{title} s{season:2}e{episode:2}",
        "tv_keywords2": ""
    },
    "yggtorrent": {
        "anime_extra": "",
        "anime_keywords": "{title} {episode}",
        "anime_query": "",
        "base_url": "https://yggtorrent.com/engine/search?q=QUERYEXTRA",
        "color": "FFF7A62D",
        "general_extra": "",
        "general_keywords": "{title:fr}",
        "general_query": "",
        "language": "fr",
        "login_failed": "Ces identifiants sont invalides",
        "login_object": "{'id': 'USERNAME', 'pass': 'PASSWORD', 'submit' : ''}",
        "login_path": "/user/login",
        "movie_extra": "",
        "movie_keywords": "{title:fr} {year}",
        "movie_query": "",
        "name": "Yggtorrent",
        "parser": {
            "infohash": "",
            "name": "item('a')",
            "peers": "item(tag='td', order=5)",
            "row": "find_all('tr', start=2)",
            "seeds": "item(tag='td', order=4)",
            "size": "item(tag='td', order=3)",
            "torrent": "item(tag='a', select=('target', '_blank'), attribute='href', order=1)"
        },
        "private": true,
        "season_extra": "",
        "season_extra2": "",
        "season_keywords": "{title:fr} saison {season}",
        "season_keywords2": "{title:fr} S{season:2}",
        "season_query": "",
        "separator": "+",
        "show_query": "",
        "subpage": false,
        "tv_extra": "",
        "tv_extra2": "",
        "tv_keywords": "{title} s{season:2}e{episode:2}",
        "tv_keywords2": ""
    }
}
