<?xml version="1.0" encoding="UTF-8"?>
    <addon id="repository.rik91" name="rik91 Repository" version="0.1.0" provider-name="rik91">
        <requires>
            <import addon="xbmc.addon" version="12.0.0"/>
        </requires>
        <extension point="xbmc.addon.repository" name="rik91 Repository">
            <info compressed="false">https://raw.githubusercontent.com/rik91/repository.rik91/master/_zips/addons.xml</info>
            <checksum>https://raw.githubusercontent.com/rik91/repository.rik91/master/_zips/addons.xml.md5</checksum>
            <datadir zip="true">https://raw.githubusercontent.com/rik91/repository.rik91/master/_zips/</datadir>
            <hashes>false</hashes>
        </extension>
        <extension point="xbmc.addon.metadata">
            <summary>rik91 Repository</summary>
            <description>rik91 Repository</description>
            <platform>all</platform>
    </extension>
</addon>